unique_id,ds,NHITSx_1000_365,NBEATSx_1000_730,NBEATSx_1000_365,NBEATSx_1000_365_stop,NBEATSx_1000_730_stack,NBEATS_1000_730_rate4,Ensemble
traffic,2026-09-15,22044.418,21933.895,21933.895,21933.895,22084.643,22083.57,22002.385
traffic,2026-09-16,22373.02,22246.97,22246.97,22246.97,22739.688,22680.354,22422.328
traffic,2026-09-17,23348.799,22840.309,22840.309,22840.309,23395.705,23305.86,23095.217
traffic,2026-09-18,26221.648,24852.602,24852.602,24852.602,25924.066,25273.19,25329.451
traffic,2026-09-19,29096.37,27465.568,27465.568,27465.568,28139.297,27382.654,27835.838
traffic,2026-09-20,26497.977,25717.035,25717.035,25717.035,26701.727,26208.596,26093.234
traffic,2026-09-21,22548.904,22116.617,22116.617,22116.617,23433.494,23158.275,22581.756
traffic,2026-09-22,21166.105,21557.492,21557.492,21557.492,22234.81,22255.135,21721.42
traffic,2026-09-23,21338.803,22035.068,22035.068,22035.068,21863.709,22543.29,21975.166
traffic,2026-09-24,22138.117,22474.688,22474.688,22474.688,22328.58,23401.984,22548.791
traffic,2026-09-25,25181.908,24008.408,24008.408,24008.408,25180.299,25115.738,24583.861
traffic,2026-09-26,27958.443,26590.176,26590.176,26590.176,28344.53,27381.143,27242.44
traffic,2026-09-27,26065.94,24528.607,24528.607,24528.607,26036.695,26204.352,25315.469
traffic,2026-09-28,22391.85,21042.94,21042.94,21042.94,22191.459,22941.674,21775.633
traffic,2026-09-29,20812.297,20731.31,20731.31,20731.31,21184.646,21757.738,20991.438
